<?xml version="1.0" encoding="UTF-8"?>
<!DOCTYPE mapper PUBLIC "-//mybatis.org//DTD Mapper 3.0/EN" "http://mybatis.org/dtd/mybatis-3-mapper.dtd">

<mapper namespace="burger.mapper.OrderMapper">

	<!-- 메뉴 추가하기 -->
	<insert id="insertAdd" parameterType="burger.dto.OrderDto">
		INSERT INTO CUSTOMER_ORDER
		SET ORDER_PRODUCT = CONCAT(ORDER_PRODUCT',#{orderProduct}') WHERE
		ORDER_NUM = #{orderNum}
	</insert>


	<!-- 회원구매내역 조회 -->
	<select id="orderHistory" parameterType="map">
		SELECT
		ORDER_EMAIL,ORDER_NUM,ORDER_ADDRESS,ORDER_PRODUCT
		FROM CUSTOMER_ORDER
		WHERE
		ORDER_EMAIL=#{email}
	</select>

	<insert id="insertBasket" parameterType="burger.dto.BasketDto">
		INSERT INTO
		BASKET
		(BASKET_PRODUCT,BASKET_PRODUCT_NUM)
		VALUES(#{basketProduct},#{basketProductNum})
	</insert>

	<delete id="basketDelete">
		DELETE FROM BASKET;
	</delete>

	<select id="lastOrderNum" resultType="int">
		SELECT ORDER_NUM FROM CUSTOMER_ORDER ORDER BY ORDER_NUM DESC LIMIT 1;
	</select>

	<!-- 주문넣기 -->
	<insert id="orderInsert" parameterType="burger.dto.OrderDto">
		INSERT INTO
		CUSTOMER_ORDER(ORDER_EMAIL,ORDER_NUM,ORDER_ADDRESS,ORDER_LIST)
		VALUES(#{loginEmail},#{orderNum},#{orderAddress},#{orderList})
	</insert>

	<select id="getOrderList" resultType="burger.dto.OrderDto">
		SELECT ORDER_NUM, ORDER_LIST, date_format(ORDER_TIME, '%Y년 %m월 %d일 %H:%i:%S') as "ORDER_TIME" FROM CUSTOMER_ORDER WHERE
		ORDER_EMAIL=#{loginEmail}
	</select>

	<select id="getLastOrder" resultType="burger.dto.OrderDto">
		SELECT ORDER_NUM, ORDER_LIST, ORDER_TIME FROM CUSTOMER_ORDER WHERE
		ORDER_EMAIL=#{loginEmail} ORDER BY ORDER_NUM DESC LIMIT 1
	</select>

</mapper>