<?xml version="1.0" encoding="UTF-8"?>


<beans xmlns="http://www.springframework.org/schema/beans"
   xmlns:xsi="http://www.w3.org/2001/XMLSchema-instance"
   xsi:schemaLocation="http://www.springframework.org/schema/beans
http://www.springframework.org/schema/beans/spring-beans.xsd">

		
		<bean class="ver4_2.KoreaTire" id ="kkk"></bean>	
		<bean class="ver4_2.ChinaTire" id="ccc"></bean> 
		<bean class="ver4_2.Car" id="sonata">
		
		<!-- Car가 setter로 설정되어 있기 때문에 설정자 주입방식 -->
		<property name="tire" ref="kkk"></property>
		<property name="color" value="RED"></property>
		</bean>
</beans>
