<?xml version="1.0" encoding="UTF-8"?>
<configuration debug="true">

	<!-- 로그 출력 위치를 지정 (콘솔, 파일, DB, 소켓, ... 등) -->
	<appender name="console" class="ch.qos.logback.core.ConsoleAppender">
		<!-- 로그 출력 형식을 지정 -->
		<encoder>
			<Pattern>%d %5p [%c] %m%n</Pattern>
		</encoder>
	</appender>

	<appender name="console-infolog" class="ch.qos.logback.core.ConsoleAppender">
		<encoder>
			<Pattern>%d %5p %m%n</Pattern>
		</encoder>
	</appender>

	<!-- 로그를 출력하는 요소로 name 속성에 지정된 패키지 이하에 level 속성을 통해서
		 출력할 로그의 레벨을 조절하여 appender에 전달 -->
	<logger name="burgerking" level="DEBUG" appender-ref="console" />
	<logger name="jdbc.sqlonly" level="DEBUG" appender-ref="console-infolog" />
	<logger name="jdbc.resultsettable" level="INFO" appender-ref="console-infolog" />
	
	<root level="INFO">
		<appender-ref ref="console" />
	</root>

</configuration>
