<?xml version="1.0" encoding="UTF-8"?>

<!DOCTYPE mapper
PUBLIC "-//mybatis.org//DTD Config 3.0//EN"
"http://mybatis.org/dtd/mybatis-3-mapper.dtd">

<mapper namespace="repository.mapper.UserMapper">
	
	<insert id="insert" parameterType="UserVo">
		INSERT INTO
		USER(NAME,ID,OLD,PASSWORD)
		VALUES(#{jName},#{jId},#{jOld},#{jPassword})
	</insert>

	<update id="update" parameterType="UserVo">
		UPDATE USER SET
		NAME=#{user.jName}, ID=#{user.jId}, OLD=#{user.jOld},PASSWORD=#{user.jPassword} WHERE USER_NUM = #{UserNum}
	</update>

	<delete id="delete" parameterType="UserVo">
		DELETE FROM USER WHERE
		USER_NUM=#{UserNum}
	</delete>

	<!--동일하다 + 아이디 랑 메퍼 메서드명이랑 일치 -->
	<select id="selectList" resultMap="userResultMap">
		SELECT * FROM USER
	</select>

	<!--동일하다 -->
	<select id="selectUser" resultMap="userResultMap">
		SELECT * FROM USER WHERE
		USER_NUM=#{UserNum} AND TITLE=#{Name}
	</select>

	<resultMap type="UserVo" id="userResultMap">
		<result column="USER_NUM" property="jUserNum" />
		<result column="NAME" property="jName" />
		<result column="ID" property="jId" />
		<result column="OLD" property="jOld" />
		<result column="PASSWORD" property="jPassword" />
	</resultMap>

</mapper>