<?xml version="1.0" encoding="UTF-8"?>


<beans xmlns="http://www.springframework.org/schema/beans"
   xmlns:xsi="http://www.w3.org/2001/XMLSchema-instance"
   xsi:schemaLocation="http://www.springframework.org/schema/beans
http://www.springframework.org/schema/beans/spring-beans.xsd">

		
		<bean class="ver6_3ex.FHD" id ="fff"></bean>	
		<bean class="ver6_3ex.QHD" id="qqq"></bean> 
		<bean class="ver6_3ex.Four_K" id="kkk"></bean>
		<bean class="ver6_3ex.Monitor" id="mmm">
		
		<!-- constructor 태그로 Car생성자에 주입 -->
		<!-- <constructor-arg ref="kkk"></constructor-arg> -->
		<constructor-arg>
			<ref bean="qqq"/>
		</constructor-arg>
		<!-- class에는 빈으로 등록할 클래스의 패키지명을 포함한 전체 이름.
		id에 빈의 id를 작성. -->
		</bean>
</beans>
