<?xml version="1.0" encoding="UTF-8"?>

<beans xmlns="http://www.springframework.org/schema/beans"
	xmlns:xsi="http://www.w3.org/2001/XMLSchema-instance"
	xmlns:context="http://www.springframework.org/schema/context"
	xsi:schemaLocation="http://www.springframework.org/schema/beans
    http://www.springframework.org/schema/beans/spring-beans.xsd
    http://www.springframework.org/schema/context
    http://www.springframework.org/schema/context/spring-context-4.2.xsd">

	<!-- 데이터베이스 정보를 빈으로 등록해둠. -->
	<bean id="ddd" class="org.apache.commons.dbcp.BasicDataSource">
		<property name="driverClassName"
			value="com.mysql.cj.jdbc.Driver" />
		<property name="url" value="jdbc:mysql://localhost/spring" />
		<property name="username" value="root" />
		<property name="password" value="1234" />
	</bean>

	<!-- 마이바티스만 사용하면 SqlSessionFactory를 Build를 사용해 생성함. -->
	<!-- 스프링 연동할때 SqlSessionFactoryBean을 등록함 -->
	<bean id="ffff" class="org.mybatis.spring.SqlSessionFactoryBean">
		<property name="dataSource" ref="ddd" />
		<!-- 클래스명만 사용하도록 typeAliasesPackage 이용하여 별칭, 가칭 사용 value는 패키지 지정 -->
		<property name="typeAliasesPackage" value="vo" />
		<!-- 매퍼 위치설정 -->
		<property name="mapperLocations"
			value="classpath:*/mapper/*.xml" />
	</bean>

	<!-- SqlSessionTemplate SqlSession을 구현하고 코드에서 SqlSession을 대체하는 역활을 함. -->
	<bean id="sss" class="org.mybatis.spring.SqlSessionTemplate">
		<constructor-arg name="sqlSessionFactory" ref="ffff" />
	</bean>
	<!-- BookDao 객체생성 -->
	<context:annotation-config />
	<context:component-scan
		base-package="repository.mapper" />

</beans>