<?xml version="1.0" encoding="UTF-8"?>


<beans xmlns="http://www.springframework.org/schema/beans"
   xmlns:xsi="http://www.w3.org/2001/XMLSchema-instance"
   xsi:schemaLocation="http://www.springframework.org/schema/beans
http://www.springframework.org/schema/beans/spring-beans.xsd">

		
		<bean class="with.Chuck_Red" id ="RED"></bean>	
		<bean class="with.Chuck_Blue" id ="BLUE"></bean>	
		<bean class="with.Chuck_Brown" id ="BROWN"></bean>	
		<bean class="with.Chuck_Black" id ="BLACK"></bean>	
	
		<bean class="with.Keyboard" id="CK108">
		<constructor-arg>
			<ref bean="RED"/>
		</constructor-arg>
		
		<!-- Car가 setter로 설정되어 있기 때문에 설정자 주입방식 -->

		<property name="color" value="RED"></property>
		<property name="keyskin" value="true"></property>
		</bean>
</beans>
